date,rainfall_mm,temperature_c,humidity_pct
2024-01-01,0.5845131045564618,24.703608465279082,67.21353412167807
2024-01-02,3.391197669730071,24.03378572372955,65.4429908965708
2024-01-03,1.1063668394402013,25.66453266870769,72.85975502484158
2024-01-04,17.124483773144885,21.905573702883196,76.01039612311993
2024-01-05,6.798050777812091,26.307601633648144,77.10432129698741
2024-01-06,15.699579824980916,28.782306191995268,54.329791913441085
2024-01-07,1.612402425339278,21.141601422130613,86.93499746357877
2024-01-08,1.4884545103469196,20.634837577132895,63.36756871939584
2024-01-09,7.767649956951576,22.568344569329724,79.9455826614502
2024-01-10,4.984048168530826,19.695168579295224,57.43925439399308
2024-01-11,5.751829573528089,22.233650874412756,44.396118276150474
2024-01-12,5.014544538538925,27.59215616627529,66.4817127138372
2024-01-13,1.2773075157858182,21.204019419420636,64.38173738251167
2024-01-14,6.419119584206925,19.598016829991543,86.90868692543644
2024-01-15,2.4364162579730055,19.582823597414837,80.78264339479625
2024-01-16,1.3478505742117644,21.253371019271206,65.336782343975
2024-01-17,7.21805198626174,26.27697833427738,55.756951934846384
2024-01-18,0.11196085253968838,30.031428502805333,70.82107473076731
2024-01-19,2.7077956889058963,28.04523736448545,87.9526030585588
2024-01-20,1.7231155624381558,22.95171813362967,72.69122336546386
2024-01-21,0.45647468088739157,34.359143741819416,51.7129505504009
2024-01-22,9.64041264368097,26.680094208832013,79.71533814647232
2024-01-23,2.3574917285362877,24.018740652138465,89.78418677087345
2024-01-24,1.68286537687709,21.609487275420832,77.30719823441908
2024-01-25,1.8508251857681681,27.341409318741462,50.916394430652105
2024-01-26,11.136502569725657,28.371380103072802,69.77164842050294
2024-01-27,1.8314586688448686,30.790196902438275,70.95915446760743
2024-01-28,0.34300237449325677,29.70932504054174,76.635420162288
2024-01-29,21.46729934285557,19.644090465969683,77.11657215403056
2024-01-30,0.38989091723702307,18.820945912966586,68.75239642651493
2024-01-31,5.556040935501342,14.467577865695908,51.60165939984763
2024-02-01,4.9358764864203515,26.527010512579185,61.590013024674235
2024-02-02,1.8718114208337713,12.158843866757694,43.5988456331533
2024-02-03,5.64528711875933,17.848029477029087,76.40010238790038
2024-02-04,7.099052165318675,26.920191550909244,79.29470585371328
2024-02-05,8.227435058517017,26.882160878644815,68.93711504336899
2024-02-06,0.04323186223375762,26.249679228285085,49.76828502691592
2024-02-07,9.301348438018742,29.904601446021594,89.41764324719162
2024-02-08,7.704086030603045,22.216686147676675,58.7103921805397
2024-02-09,10.471357825496137,28.17045898629521,72.77565893334493
2024-02-10,0.7311141867063478,23.42219860379972,41.16889760590512
2024-02-11,22.052889741665442,23.01372989868007,66.65242908064556
2024-02-12,4.168644646780332,24.311595378335515,60.034782560379796
2024-02-13,2.5723708659898294,17.318529397346627,85.1027496939713
2024-02-14,22.378345529393016,25.67121008148713,52.677393514166575
2024-02-15,4.5461080312522695,22.079000965610586,72.18218660041383
2024-02-16,4.2089077860759785,16.84921507131699,71.28917160366197
2024-02-17,16.63655828291229,20.92044193298534,83.63702755074577
2024-02-18,5.973458925262296,24.787466152782677,52.179030662834634
2024-02-19,9.29532504805003,18.837381592037964,47.47059838922506
2024-02-20,1.255418373169597,23.43163740532419,89.8682273236853
2024-02-21,8.491038108451217,30.726631891349943,41.61757801219798
2024-02-22,0.6796152962869607,20.752951130488384,67.15158554215226
2024-02-23,3.1294382881129517,28.01163748545483,63.67289395105814
2024-02-24,4.450779570766188,34.56012852155071,89.11095518233545
2024-02-25,14.580251962905626,24.731778501734357,50.75927739907801
2024-02-26,7.914032933235741,20.632357366008023,45.79426016123442
2024-02-27,6.744648551076526,31.386634453439992,69.1539067438597
2024-02-28,3.316134668530574,21.592068249418176,60.14978371086496
2024-02-29,5.7107634850499025,25.23270130765221,55.144161676156216
2024-03-01,10.260421132025385,21.63607077047538,78.58749799565258
2024-03-02,5.995438895273894,22.093854109267202,83.96944710703983
2024-03-03,4.147028112539932,29.105165242870417,83.74125352657163
2024-03-04,0.20356223984716665,18.567338614018485,64.6833378618631
2024-03-05,4.346308341025358,28.47286484462431,69.72913998965134
2024-03-06,4.392271993902555,22.337705315274697,82.53813570148779
2024-03-07,4.761430264634916,17.43358046449389,56.868080427661496
2024-03-08,9.977976425505878,23.492710851340263,63.90178767927944
2024-03-09,8.660429131285364,27.56239273345413,54.46991858416318
2024-03-10,4.3006856148852455,20.283266680891167,85.43297491516145
2024-03-11,3.738470130918376,36.17780981508676,76.27735250295972
2024-03-12,3.021103300361111,21.126392985752357,64.19124607885927
2024-03-13,2.7277598365660434,22.344612021720145,83.50601560160803
2024-03-14,5.19300321068051,31.61749665261767,51.24411517106333
2024-03-15,9.368974358779456,20.226086666405248,87.85862231592401
2024-03-16,11.953873627887734,23.55635677638993,68.97806508792922
2024-03-17,9.658642009400904,34.07694338145015,83.70156932341494
2024-03-18,4.904069213905241,31.310607791448,54.70389570545955
2024-03-19,3.94859835489284,24.01680810544351,66.82354208510287
2024-03-20,2.151760438375985,27.89155659621454,51.05808921977612
2024-03-21,2.4394199614919403,19.035542153082872,65.02241647547258
2024-03-22,0.9447187459931108,23.65681108674646,58.70709875909246
2024-03-23,6.532346096441019,31.437992929010232,84.64472013070396
2024-03-24,4.125827381357261,28.544303119055044,77.76532890909888
2024-03-25,3.7634208394039574,31.805344269396358,78.33999807379539
2024-03-26,4.062573420668208,23.93932388461908,75.3688987514683
2024-03-27,1.2232031857872154,25.731043881497992,73.00469038152852
2024-03-28,0.7421632140679791,29.696295544996286,58.63237389364539
2024-03-29,6.137942107444597,19.278667391592148,60.058968358129334
2024-03-30,4.916440950469785,17.4966312970395,64.1460531731744
2024-03-31,1.3080178891665,22.708843203644342,47.24078628676495
2024-04-01,0.48423460901756044,20.59552268515664,87.43189277372792
2024-04-02,17.525722824536984,22.214541025904936,89.9153081383142
2024-04-03,4.23272401776283,23.1588553626569,46.35962194560305
2024-04-04,3.5477563794300098,30.14457677557724,67.64652112310972
2024-04-05,4.1032038911479045,27.225524792784768,77.83864168340085
2024-04-06,0.8292644195595112,29.538185073826906,57.66511835475649
2024-04-07,1.3888156311064552,25.815053597601814,89.65289849488904
2024-04-08,0.23916970092512174,30.99851334522952,61.780974638542475
2024-04-09,1.017928906786024,32.79203141639534,59.16828292806581
2024-04-10,8.049229050606124,28.403438896100745,43.05659024268895
2024-04-11,1.6271325559208139,25.839526811643623,71.22567490371028
2024-04-12,2.413951355815555,22.703710268812785,67.66880541219827
2024-04-13,0.34560841722732055,22.485873675783594,76.71898710786277
2024-04-14,0.6575550852721281,21.82640189257594,65.01169987423651
2024-04-15,0.9209822883446496,21.257813159229773,83.50224440369267
2024-04-16,7.529361885312721,31.779620458508617,49.15682181123809
2024-04-17,4.107490833084049,31.202898452919605,84.70622583088945
2024-04-18,3.1613282082056253,27.500278046230232,68.7056598451631
2024-04-19,3.605467907749458,26.137409912100352,50.19579431397962
2024-04-20,4.658878177878724,33.16760009802304,85.61017640982075
2024-04-21,0.9829885286851548,25.284774545760516,85.5532966457312
2024-04-22,1.8716181589410963,17.84389691784213,74.33815079412341
2024-04-23,8.442330918870926,30.69682466825072,51.824525221374934
2024-04-24,0.10524400189080878,17.48638736918572,49.4652002398724
2024-04-25,9.585755485192196,34.9717240690342,59.55052928974215
2024-04-26,0.6191794905312056,29.061084433709183,77.14835829540631
2024-04-27,2.712948155800367,27.721019489806725,88.02606261841086
2024-04-28,0.7911883322477851,22.8780242962748,70.96084226579787
2024-04-29,9.902745128855342,25.472215859176945,41.56010678478075
2024-04-30,9.88883509216172,24.56644734975582,62.27966179456264
2024-05-01,21.194227844943796,29.326822671873877,83.51898202772585
2024-05-02,3.113129157061001,31.236681475149812,56.73429428680129
2024-05-03,4.543458257746375,12.102094890970038,65.68314516255236
2024-05-04,11.577422507957532,24.188265229364685,82.71857210998542
2024-05-05,11.214916714359457,31.204913071070784,51.042769321922165
2024-05-06,3.655912985935943,36.93022065231957,87.7962980227657
2024-05-07,0.7896297432686614,15.874697200603652,71.3893151826593
2024-05-08,0.11923677123960598,18.115406139541548,67.48706326712326
2024-05-09,27.636021188889334,28.90758836742802,72.53989520327285
2024-05-10,1.5078223218065312,24.3547967639088,70.0088375074394
2024-05-11,1.4600986567061884,26.493645715272347,68.01166968494849
2024-05-12,4.557494011341646,21.312817112341342,62.02121452083385
2024-05-13,4.829523736474305,30.585199190764317,63.24195739321364
2024-05-14,3.9478466645857035,22.028398559881367,63.07570918658587
2024-05-15,5.31606465088975,31.18438277263776,71.16600331914032
2024-05-16,6.879111175650374,27.919032422083603,77.99541557259025
2024-05-17,21.668032851541028,16.756004016138533,41.276864748471986
2024-05-18,9.309224125755168,20.561040960878636,63.51438582691396
2024-05-19,0.3392787721171642,30.18563386607091,88.55430720684222
2024-05-20,2.8899376691650436,26.00044969650594,56.747388230726
2024-05-21,0.44199972987257863,25.1410630830941,80.46748978708612
2024-05-22,0.01596762029034009,27.878029459178503,82.95774966090873
2024-05-23,17.310922454213582,24.456137103591114,58.212705095798896
2024-05-24,3.31456800385658,24.164405756990764,45.27336832807762
2024-05-25,1.2510805583622966,22.523743391804594,65.3593334122414
2024-05-26,2.1660171100331107,24.262181696498562,65.73867627337022
2024-05-27,1.5020274449747186,27.016715526525182,89.71969877511776
2024-05-28,28.281847090181568,26.704817107481645,41.99959337392537
2024-05-29,3.091695564405186,35.97757717360858,72.17169339290848
2024-05-30,1.959361485748413,25.89175636469422,81.56092056988058
2024-05-31,3.661551081525235,20.685385485605533,42.94104953986753
2024-06-01,0.5925194374109604,21.660483827031577,86.91592636429367
2024-06-02,5.671367509723703,25.540697457245294,79.79136687033453
2024-06-03,3.0650812491377937,23.964689632587394,50.30569391114184
2024-06-04,5.0937016218510776,26.728301535596998,53.53649063971633
2024-06-05,0.16166838293552782,24.876432933221874,45.33618053144218
2024-06-06,4.598999090630348,28.94670141862109,48.65925233777208
2024-06-07,13.75110137989098,23.979169420017012,85.74301918130044
2024-06-08,3.415567138205186,21.218417400417945,40.88183690437781
2024-06-09,0.9875482700172291,29.304855130599535,51.036525678511545
2024-06-10,3.5592298533434885,22.24981040709825,41.19609344738507
2024-06-11,5.270272021104572,30.374861691520422,84.36538823787618
2024-06-12,14.813684706299426,16.09520997426076,85.85155954796237
2024-06-13,1.1638159302986664,16.570279246941066,50.221427195342976
2024-06-14,2.9618156900145722,22.94422667076092,45.30318905612977
2024-06-15,2.0879227266994422,19.618764266167105,81.95823367336266
2024-06-16,1.8756149985470105,27.226838657448983,77.5715124175351
2024-06-17,3.5994861850034554,29.74840297771586,45.84552206676021
2024-06-18,8.786853834258078,22.044648807836165,88.91356920311885
2024-06-19,5.279453256038684,30.686306070446072,51.73918878569398
2024-06-20,0.43876671370560233,25.83443313741561,83.09571097639838
2024-06-21,1.5188923615727166,22.64165230873107,54.30467457334974
2024-06-22,0.031275278253678734,13.290233686076927,73.02716035376639
2024-06-23,0.01331192184667363,25.820659390649727,46.7045263325884
2024-06-24,8.897337876053157,18.552441226198475,78.05425150853921
2024-06-25,4.770011133044305,25.512844008988125,43.57389038791699
2024-06-26,0.4315165116233674,29.55175974911802,72.98626080354393
2024-06-27,2.3791233503113967,25.94721922399665,86.41211169426927
2024-06-28,0.09682076489328346,29.17771969874498,77.579519674316
2024-06-29,0.13897560839506284,20.44193270418635,71.94498408450426
2024-06-30,1.5124171058887304,39.88259896428428,77.74840855525211
2024-07-01,3.1729852569894623,23.982670591639916,45.07130948301731
2024-07-02,1.1988316871557423,25.786339784567843,48.303783728889975
2024-07-03,5.153390372132468,24.924560428640294,50.72067908556731
2024-07-04,0.023537681337421346,22.587019880345558,40.578775464350485
2024-07-05,3.315861960582348,27.41873784598953,77.44089413831045
2024-07-06,2.720451354304499,30.264990846393125,49.13951731406968
2024-07-07,4.645306672738256,28.295314491759434,56.29826471839044
2024-07-08,1.6521136860403782,31.65809407402055,85.9714647601619
2024-07-09,15.755444933103075,26.11800960600377,60.533490189152324
2024-07-10,2.1435606871093844,22.03645260166089,62.898021565655
2024-07-11,12.409888316702967,25.18043173888489,69.09470305682264
2024-07-12,4.236363061691565,25.619219038619153,63.87630134242094
2024-07-13,0.13844065213664444,30.96037107731277,42.84636539843265
2024-07-14,14.67904006107526,27.81683953026656,41.31473924886077
2024-07-15,5.58970466251577,25.638723357121297,63.016363487905906
2024-07-16,13.47270862565477,25.663201801904197,58.76829872248487
2024-07-17,0.09311573674612274,17.395976313544935,86.98768889690318
2024-07-18,1.6265159413470913,21.888281839457107,47.53199466329221
2024-07-19,5.092648908944294,18.231461048633808,81.39386246978238
2024-07-20,0.928778172743966,30.182508749243603,80.40483743740293
2024-07-21,1.5109536868687399,24.52420714308549,70.73650691798088
2024-07-22,4.961308016153681,34.81777285829439,76.31530451036964
2024-07-23,8.220654479484883,28.42608797423217,54.61883260873122
2024-07-24,0.9605561091207302,29.945821911314475,89.60860245635615
2024-07-25,17.578904444022232,31.146899619080806,42.492881900654666
2024-07-26,1.4262543125272291,28.5902381566758,66.80140554195465
2024-07-27,8.473485908076178,25.311596063072894,53.11946429664253
2024-07-28,2.135370122720509,23.865392506697805,73.6212006111917
2024-07-29,0.20507723829478347,24.18393755052128,74.47864163142546
2024-07-30,0.49885289176747366,24.815485664066795,82.1367196128227
2024-07-31,0.6220699831977324,25.222740039025954,52.854191029948375
2024-08-01,6.051922615116231,24.18041245425529,78.65358288990046
2024-08-02,1.822653586075683,25.826662372019918,73.36456317223298
2024-08-03,11.29811460986988,27.502748603749342,56.23197002797366
2024-08-04,1.8610956312820837,21.10950721910195,74.05374605149284
2024-08-05,2.143682542973136,24.549775689353314,59.9975093731487
2024-08-06,5.120137442772629,25.555999117949774,88.42140358786338
2024-08-07,6.3008697366045885,23.93188258773194,80.94242997002655
2024-08-08,0.5115552339270876,20.809201264070335,43.644276125855974
2024-08-09,1.5004569577437321,28.72024015161802,64.4094796836867
2024-08-10,10.490505972459935,17.12333729644125,79.78693512473549
2024-08-11,1.6996490084133664,16.081949570885612,87.32927528424844
2024-08-12,0.390782852218738,33.18951233893621,81.72596758125508
2024-08-13,0.5881099386312423,31.81906757607088,40.72167568433799
2024-08-14,3.4871867329669937,14.583946117685043,57.69055940803794
2024-08-15,4.144914360846208,26.307717592476365,65.07349489288809
2024-08-16,5.994966497629597,24.619927004883404,45.47807733796075
2024-08-17,4.672190350317592,16.528583839621497,67.10309391919223
2024-08-18,4.584123572467748,22.722263776231753,69.79094222009245
2024-08-19,9.049293402315028,18.73627554695867,66.30114412074848
2024-08-20,10.171974989251796,27.7200634194427,89.64349720581225
2024-08-21,8.175133615985185,25.44589909382692,81.3378789656772
2024-08-22,4.157734533358132,29.105450332514568,52.401398493474034
2024-08-23,2.1574137072929163,24.191370292768017,68.9678402099295
2024-08-24,10.090595689427515,26.14923495379784,64.37167194973227
2024-08-25,10.18379689150967,20.964658695826493,55.22861369715594
2024-08-26,3.506701814990344,23.885260697376758,73.6484698888562
2024-08-27,4.9204819103013575,30.0194252033994,42.5147086775281
2024-08-28,6.60953560775651,15.456897572726676,41.58893261260919
2024-08-29,16.742029377165046,19.327804013147194,51.33014864155709
2024-08-30,1.1996335378696859,32.253166722037975,77.63444417580115
2024-08-31,5.529759666377964,18.242973920579594,50.770619106185606
2024-09-01,14.206963882777243,21.888893777586237,88.04359703370051
2024-09-02,2.519521953728587,24.314240274555296,71.18313778472691
2024-09-03,2.699874702261091,22.495670018312648,65.55865726216776
2024-09-04,1.467110581983231,23.11603322582756,58.17802555508568
2024-09-05,2.4449968724678692,30.090349285433582,57.363700782214735
2024-09-06,1.265260048146373,32.05501938244643,70.02802531856422
2024-09-07,0.5292325686982011,23.689892584171186,51.781796852372665
2024-09-08,0.6183733115520772,23.755087470128927,70.36468598881669
2024-09-09,1.1558106136876891,21.56773277727054,82.34325795679761
2024-09-10,0.7524535478943823,22.2631086196602,80.16273495395544
2024-09-11,2.478679865951668,14.939549310797101,89.10020007617811
2024-09-12,0.4183995270266095,23.09543873523634,63.27278375199515
2024-09-13,1.1925634148753432,23.42223480180962,87.98564832058963
2024-09-14,17.0207448714512,28.34292765264116,53.24252903143272
2024-09-15,3.364537581090985,21.88858673177696,52.188926813382366
2024-09-16,4.141587918900735,21.478466864513518,81.90147200227983
2024-09-17,2.0391694319505507,30.86767574294977,63.320066121701615
2024-09-18,2.6312795741474027,13.604039418720223,80.57754869204828
2024-09-19,0.2043431616098429,26.500783256199945,56.19037397140366
2024-09-20,4.369050171114749,23.770427384026487,66.03286363257321
2024-09-21,30.09124755084637,24.2346962786295,65.02905608686419
2024-09-22,12.341014229036853,20.669384831946466,44.14990239652385
2024-09-23,0.4915323169610441,19.799918182245293,59.35833350088211
2024-09-24,20.80788536861327,16.422711128858033,62.927379012415386
2024-09-25,2.7283647859704536,29.444956182255034,65.69364973383843
2024-09-26,9.106225429400318,23.362500324784975,66.11498676654256
2024-09-27,1.8231542394543911,28.306456145784793,75.24961931102835
2024-09-28,2.1497446163294773,21.48355573373044,71.71576039540426
2024-09-29,13.109570193775204,23.562116002936992,64.1733789839922
2024-09-30,1.7375257408886902,17.556671906753685,49.86228728417934
2024-10-01,0.03293000698064906,20.81819674466182,79.86492960719576
2024-10-02,16.085936405931182,25.873491327457394,41.355351013079684
2024-10-03,2.208873961571432,24.42822872490188,75.18544269771769
2024-10-04,1.0119513634198145,31.554139566956213,71.40558505358257
2024-10-05,19.90402244927745,32.275220835030595,58.31877540042443
2024-10-06,19.33299532237846,21.110449543572884,46.685419985330995
2024-10-07,7.402384541893032,29.25309312861675,42.641056022465214
2024-10-08,3.004678483372825,27.494146247888278,81.25155795501075
2024-10-09,1.9478060595038837,17.823492768427087,80.50876982709504
2024-10-10,1.357989688204875,21.80293275597263,85.88983606595625
2024-10-11,2.1746162757011778,30.124451312947045,55.745968841193346
2024-10-12,6.498810608122426,21.812052937496432,65.21678683975574
2024-10-13,3.501290433907281,22.21115939424137,53.973343387444274
2024-10-14,0.17609793459855386,18.99138617696919,62.06273330563258
2024-10-15,8.405102180268893,22.760011388406483,85.73822740640978
2024-10-16,1.9892274363768965,21.538517259859177,79.30834514511542
2024-10-17,3.9542571620186613,16.45017066601947,56.73540497796847
2024-10-18,3.9784761457911273,30.343231778228485,50.92768840434526
2024-10-19,12.461695789426692,23.324451575754026,44.52911117289644
2024-10-20,5.313053099264668,21.356427974695315,54.02016585479707
2024-10-21,19.818372940334026,17.00996172693579,52.757169163188905
2024-10-22,12.043023314819985,27.863764951126722,48.82814397820732
2024-10-23,2.3278954473689843,18.64212611004669,85.3165750502249
2024-10-24,1.1795394723221566,19.82716540064914,41.16707477473256
2024-10-25,11.708354439187115,26.288476680774455,41.07234971835562
2024-10-26,5.347831236965207,32.82521167744685,77.76800699579647
2024-10-27,3.0571095593270132,36.369787794237595,89.76791228645419
2024-10-28,3.844562039809119,23.567448777162017,49.37257413386749
2024-10-29,1.3847330430133977,26.696572314075244,48.576632573650194
2024-10-30,0.009778314162343343,21.160858330298,49.30295624129309
2024-10-31,0.183523828137941,30.358551574851038,53.32572404105449
2024-11-01,11.939939163108608,26.72843085370041,75.60690112443712
2024-11-02,0.24816522686503775,12.950382523942352,67.25657576305082
2024-11-03,1.5742076723524725,26.9584269772165,55.63301651745208
2024-11-04,5.3873478512778,28.645502695417992,76.72146825505166
2024-11-05,1.5963746052341923,26.86798753134262,46.175202290546316
2024-11-06,2.3437189964583065,32.44971243358457,89.22629807280806
2024-11-07,5.835172191386482,25.40178827281136,63.921921616188435
2024-11-08,0.38839412704314114,29.484721355788462,46.938292857838434
2024-11-09,4.9619545565410546,25.846379954110436,89.61174997955919
2024-11-10,0.8533514315035609,25.32051470251239,56.220956022685456
2024-11-11,0.1157084841573179,22.72961212990074,81.30927227958378
2024-11-12,0.6946442317011392,30.154352938051726,59.27354062931233
2024-11-13,13.169741661296047,28.22498232459211,49.23536255158833
2024-11-14,5.440402632614223,24.750203970830793,40.02482456932286
2024-11-15,0.30739574046722495,21.200174842006692,63.44003257304855
2024-11-16,3.1272681437057415,23.17378527769289,49.4336490030358
2024-11-17,5.133547434041298,26.32695795512085,88.8652922176667
2024-11-18,1.8073707554439469,20.544105514531864,63.7298634922289
2024-11-19,6.169616771158014,18.803572752227858,87.05492469599176
2024-11-20,1.6166932495840025,22.862162787270833,78.61512037692606
2024-11-21,0.42644070813547896,30.910277515611,72.8582900964875
2024-11-22,4.792339447989546,22.024314754082422,58.71545051876189
2024-11-23,0.9768951418126025,23.685451423015724,65.92087066992744
2024-11-24,1.2647702228867674,30.83772981671351,55.92557474715624
2024-11-25,0.7159128074911796,24.22428307654442,53.45652863980366
2024-11-26,0.645560666522297,16.837046795342673,64.47317853374915
2024-11-27,1.763641950738174,21.104049496027642,79.48849379938568
2024-11-28,9.32287973739509,20.385448824726083,47.50959399656369
2024-11-29,0.2283770394019534,27.221812379455102,53.701492627351776
2024-11-30,5.932372787507244,25.04422537261663,67.92072784025702
2024-12-01,1.470296110277596,25.031475813895085,44.454120338626375
2024-12-02,1.975851430922517,17.773097659638633,59.00536711437623
2024-12-03,0.8587731890511845,23.248906821486294,61.40666598313256
2024-12-04,0.2560829664618087,24.49046489745758,67.04141875710482
2024-12-05,7.112100523052202,25.472142502774638,77.13454943467923
2024-12-06,6.47087284404135,20.737207932429932,83.27602629028058
2024-12-07,0.11379230292548681,21.67334334400681,72.22756093481976
2024-12-08,8.7156052569016,26.73160489173036,57.85275367036991
2024-12-09,3.542789109006162,31.394735767118043,65.16041496926825
2024-12-10,4.708046681906293,22.43102668030834,65.14504359702286
2024-12-11,10.364426065511218,23.64110675208531,70.03024048068505
2024-12-12,7.589961416649336,24.52869952837467,70.31723432350684
2024-12-13,1.1194906652131302,21.93590472744067,69.52839566771945
2024-12-14,4.638223858179573,22.824631494438872,60.441061618559445
2024-12-15,5.328260946666292,26.86332697860209,83.10923888681265
2024-12-16,17.8974256760719,28.764744329070012,75.93367892356756
2024-12-17,1.6476228993843605,21.39387310408866,61.34693962582048
2024-12-18,4.215708318428683,28.866629965339413,69.69730019528009
2024-12-19,1.4182483437088098,24.193391307262107,50.541943112639146
2024-12-20,5.847831573315922,34.208060826328605,61.54554280801925
2024-12-21,2.7563540559470825,28.90296557352098,80.14594178113924
2024-12-22,3.0556816055827696,29.084079844357728,61.48236071473973
2024-12-23,4.699455455983873,22.975213788920062,54.98166192746636
2024-12-24,1.3390745531844646,20.518421536965338,47.88375800351097
2024-12-25,17.94114759768118,32.70018125020121,65.3241304789114
2024-12-26,6.821139419192601,21.20744742365607,61.403128746738766
2024-12-27,8.34879831726774,25.66936559192742,44.004176826291776
2024-12-28,2.733051939195787,22.2622183488765,86.05182861965403
2024-12-29,0.0763109634411448,30.926149722240286,62.18734157836758
2024-12-30,24.430805851344246,36.40352586208648,59.34001120288816
2024-12-31,3.2357120494085434,26.5116942531699,54.955880778997894
2025-01-01,5.36820093972735,16.9633890228794,86.60940519024426
2025-01-02,2.1269619914040834,19.58669318318412,88.3931099050298
2025-01-03,1.2861162255805012,29.32735547830015,53.31437945631092
2025-01-04,1.9423252387516552,28.10410656007842,86.67109877284764
2025-01-05,3.3267529287855457,26.104970425247124,52.550391547767745
2025-01-06,3.794232888513399,22.405346195758636,46.514240788605285
2025-01-07,41.08761821773694,21.26171802683261,68.93670313686941
2025-01-08,4.691510689739108,17.98121697826845,47.55894705428615
2025-01-09,0.7917331640569741,26.151709628108243,62.66833581162429
2025-01-10,5.693759012208012,24.644450677807356,53.19037255839199
2025-01-11,8.549748689933278,23.661628104608248,59.593883280989374
2025-01-12,3.0971291099164255,12.587083291348787,89.22167820645072
2025-01-13,1.8877800179503155,23.718583512507468,75.19482579854888
2025-01-14,0.4724229668633143,26.788294038148866,86.66611399948536
2025-01-15,1.5064415302479395,17.715286415682066,52.0613812043755
2025-01-16,17.44729782278887,25.650539985004404,85.81262228865424
2025-01-17,9.169210101747739,29.9754892929216,75.71699428685069
2025-01-18,2.872779633108606,28.90685065718953,76.94249945239378
2025-01-19,3.752215889437002,24.079073914906026,49.9906484989004
2025-01-20,7.644545177564926,27.67344235267606,63.363266425960376
2025-01-21,2.1111723488040526,20.70828724255527,49.596837144074506
2025-01-22,1.3856595391672744,29.344336018131052,84.1854382778723
2025-01-23,5.613235444785784,27.35532211513067,85.39019491645324
2025-01-24,3.2472568923244,24.257399599832862,59.63506053306503
2025-01-25,0.1020215153087281,23.44280809096987,56.29309870926846
2025-01-26,6.594224623508749,21.225402213698157,70.88673836279185
2025-01-27,2.420986448501286,17.92847046675247,86.01367675892052
2025-01-28,3.9020625922378254,21.242307239358063,79.93617807335563
2025-01-29,2.212928413764563,28.270524846124808,88.29442027697152
2025-01-30,9.089954490734884,19.323496733709895,47.0613587015127
2025-01-31,1.1882752282692726,25.51657338050715,59.761257025108165
2025-02-01,4.763536348076066,20.860855174469158,63.60606445427415
2025-02-02,2.8137710538441363,25.98725224427307,52.39142298483469
2025-02-03,6.242574695561424,28.080612116544682,46.42705997920118
2025-02-04,5.654155964688268,16.752996223076075,40.630609986989526
2025-02-05,6.919393927260845,24.400528054628538,53.84013862730586
2025-02-06,4.542612129766525,16.447632560482162,46.75225600351724
2025-02-07,1.183007630220317,21.981697342406235,54.562901613990505
2025-02-08,8.576046049862635,18.417897118713896,55.83397436168049
2025-02-09,4.881724015526447,32.58868343649109,51.05497979767435
2025-02-10,0.5202862960615084,21.78024404750043,60.972534096024944
2025-02-11,0.09429017233496334,28.388057096920384,71.17661220540795
2025-02-12,16.627270342583877,31.44750768852765,46.114264537667694
2025-02-13,2.505791030226278,20.325515055061597,82.76079374655635
2025-02-14,0.48469901427711415,20.244033752685425,59.74982922395786
2025-02-15,9.377424744327913,34.00429340074066,74.8442320722435
2025-02-16,2.58919053068984,26.562442686779438,56.47177931070478
2025-02-17,1.851342541589077,23.339365058857652,56.60397462552399
2025-02-18,2.142359927196541,23.55903590132022,77.20736694287585
2025-02-19,5.235455167173982,36.29435600183019,51.18857248237718
2025-02-20,14.457663802759518,35.03817818433765,47.98958711207191
2025-02-21,2.898264227728121,23.495951270795434,85.6944863956474
2025-02-22,0.7129783960438538,23.563360752777037,81.9231511906046
2025-02-23,0.6456589473140972,25.025419693183157,74.5993511115474
2025-02-24,7.951279108764503,23.668788601700374,87.07227899906127
2025-02-25,2.443993710355769,27.42114141268825,46.99075736434702
2025-02-26,0.7694366142812669,22.774588940353052,74.85603998038017
2025-02-27,2.1618093061335686,25.328437498157257,52.53370350867954
2025-02-28,7.078271044281173,23.30768174317609,48.61065084065517
2025-03-01,0.15499012972203924,26.830104512233852,78.68850185148894
2025-03-02,7.823125863391356,17.70768403456816,50.06749082573756
2025-03-03,4.689109369180303,30.89346450037018,55.94919191994047
2025-03-04,4.066223263321263,28.07154859498624,55.23560986946944
2025-03-05,2.071474168828401,22.00498733338162,54.39047822341928
2025-03-06,7.319933602306063,21.197571332430833,69.1597996073376
2025-03-07,2.6588413031357545,25.417059240176986,80.69029366097915
2025-03-08,0.15976456734688177,27.41718900742045,43.11507352389947
2025-03-09,0.11578838928712532,24.700983755574434,80.60585889514027
2025-03-10,1.1146155314898303,22.235144805577754,76.38843337513843
2025-03-11,3.905076926274779,24.73278472655038,83.25127668103698
2025-03-12,0.2384126973860344,22.470611743910563,66.88211933049031
2025-03-13,0.5074851183795991,27.016666954208006,56.06705948681637
2025-03-14,0.14830702787694766,17.752501254618686,52.66011873187287
2025-03-15,28.226161089395497,30.26793216069113,51.25507871096428
2025-03-16,1.87139323438005,13.698662181946945,73.1026494360409
2025-03-17,0.028821778244081657,18.69222200563454,45.697902801148324
2025-03-18,0.3742237897151107,20.38960262709536,73.3861266541119
2025-03-19,1.0642661893023964,26.577446805978745,83.17389728900253
2025-03-20,0.923647521996478,38.30598100431128,42.1042538563417
2025-03-21,2.766454933093769,24.412043977628045,58.689003561050654
2025-03-22,6.798806641793966,31.14084776375243,56.57872727510158
2025-03-23,4.916186181196915,26.963304806645844,47.52459725131318
2025-03-24,17.125268526702556,18.670780369657177,79.79127640901855
2025-03-25,0.8220498152711668,29.921911430269578,77.77779435319914
2025-03-26,4.801381194913491,24.165710620814266,85.47509661690864
2025-03-27,10.542211097308122,28.488657249611737,66.77221713271302
2025-03-28,1.1437281212983235,28.477126106182546,67.43475606701114
2025-03-29,2.734288671653464,20.212867020318722,49.365394080592175
2025-03-30,0.9698066496750346,25.786384131773964,64.54406646957901
2025-03-31,3.440545248311078,30.55889494502054,88.2398326645162
2025-04-01,0.4078302490241791,30.69396715928049,69.49495131138895
2025-04-02,14.137949675460943,21.774829430025793,54.17293995028058
2025-04-03,0.45711744968654167,27.021011070455497,74.78692823973267
2025-04-04,4.527659369639338,34.37625821469425,54.254890416187635
2025-04-05,1.124435142962927,28.510617086617465,48.93205837134944
2025-04-06,0.7903802028577956,23.425767306590306,71.7383751468168
2025-04-07,4.071717384271716,29.877615578801322,48.85982576908139
2025-04-08,5.594837673468093,24.284008188698564,88.67800248514735
2025-04-09,3.182164708839257,27.90244602592498,65.34465824079764
2025-04-10,14.591974559452453,25.722370670342222,66.74221413845228
2025-04-11,0.6398520704258326,26.812768993872012,80.95610645976896
2025-04-12,5.875552265986917,20.099216934100994,64.87313616445829
2025-04-13,0.8681227396234918,13.97237241380761,66.1063819390219
2025-04-14,3.926855018696588,21.7528249872149,56.066660705713346
2025-04-15,0.8366084012970472,22.402642304759233,61.89422708537738
2025-04-16,2.2173852510235994,29.20668638666278,81.46793524900627
2025-04-17,5.063779970514802,21.4222623801259,42.532894987138526
2025-04-18,1.1431356745336412,22.26956829029762,69.59076054096366
2025-04-19,1.2216980554197812,23.04746097525386,78.765483583795
2025-04-20,0.9594731220595066,25.727718708179893,81.09979893294258
2025-04-21,1.283195377606575,23.242484316873856,80.6417246280701
2025-04-22,4.210001195542655,29.1708830963432,56.06590123022872
2025-04-23,14.269697033568162,29.498835929649754,41.7913702535315
2025-04-24,8.572243782934233,21.913769249015168,78.63718800543688
2025-04-25,0.7123888157158788,25.57059625644839,45.76270105513969
2025-04-26,1.7246115568132625,26.876287820374525,74.05853355490126
2025-04-27,26.24920184548179,28.341109787827286,65.58967373257371
2025-04-28,1.2245826474437786,20.900292448477614,56.35054812196378
2025-04-29,3.4365377305197233,20.261003869046334,58.705689934345884
2025-04-30,3.614392986461496,20.914688525200013,88.23044895567463
2025-05-01,11.243921089197947,36.259055582817446,87.71326668593692
2025-05-02,10.068248284683545,26.524408920992737,43.04273789654579
2025-05-03,18.6069584072343,19.89668651456377,77.56443976298289
2025-05-04,2.969199248288466,35.28160495853092,72.20500167474255
2025-05-05,6.586147981208098,18.285388920358635,64.49669988064478
2025-05-06,14.240178974107563,24.93271191054462,87.15133001437205
2025-05-07,0.3870792085743621,28.132765646316386,81.13177493145801
2025-05-08,1.820303642059812,30.117968157515065,61.24048504274761
2025-05-09,1.9914580750868631,16.73199846289464,63.99522959753109
2025-05-10,0.25604681949491676,23.854542230067104,59.04307643456266
2025-05-11,12.70822001129681,24.44459473129042,70.78854090696504
2025-05-12,5.10535641456438,21.70076047797682,80.35772390573712
2025-05-13,0.8589206379000692,25.36558902502502,46.76749576542933
2025-05-14,2.8762376027319725,24.890761204644004,41.88383077235347
2025-05-15,3.5623818507368403,19.059563975126665,56.51192966929199
2025-05-16,2.9614028998763056,18.917409405021775,63.70508348989071
2025-05-17,1.2250179062469628,21.21845063628018,78.21632906169883
2025-05-18,0.36218579522763417,26.48039746666251,89.30314657419312
2025-05-19,3.9214849351581282,34.387380922302164,77.14583370103468
2025-05-20,1.4100303043377151,33.559282335196166,88.00233884097992
2025-05-21,9.918075845957015,34.58423834188087,62.02096419514114
2025-05-22,10.060245197592133,26.016874676178233,85.58479951651441
2025-05-23,0.8874895836607501,27.89641679615016,75.046853192122
2025-05-24,3.2492605194586672,13.00777259434261,69.48369235701261
2025-05-25,7.019011145978821,15.837236375060156,69.24766247692762
2025-05-26,4.800240627494873,26.714987356970028,71.77784030970156
2025-05-27,2.489576035610913,20.989463135940085,61.53025341203069
2025-05-28,14.930878050485415,31.660207056708586,57.86584821209247
2025-05-29,8.463230950247043,24.41706794060692,70.67928045691922
2025-05-30,8.543167501144138,11.3180750138837,54.51138260462132
2025-05-31,2.2247584835554157,15.966688428868572,52.333557169764795
2025-06-01,26.333001253907216,21.493618627701814,78.4625981418153
2025-06-02,14.121489244333716,21.971415160060815,71.75467019451351
2025-06-03,5.30174509305326,25.912435157194256,62.68824819590544
2025-06-04,11.384398569825535,22.864834021409663,71.36744244581224
2025-06-05,0.7894753168328726,22.67357834395584,42.487394528362294
2025-06-06,4.53899416204009,23.593500652696097,50.423686384344236
2025-06-07,3.5676592148068744,24.357907023875665,68.18217385639883
2025-06-08,4.216667947474089,23.963020795561672,46.80825769199151
2025-06-09,0.7319800574053814,33.431121445810106,57.86292993479281
2025-06-10,3.3030708248491503,17.652987290530547,71.69088714289163
2025-06-11,4.842701341973931,31.359869956575942,86.22349178457412
2025-06-12,3.7476124574388248,23.92337582831248,54.11045955967956
2025-06-13,5.699242377855144,18.083491694150077,78.57914307639015
2025-06-14,2.6125193647823313,18.93612883312548,89.65910104957548
2025-06-15,0.8522764379313492,19.120205216469962,42.6877783615145
2025-06-16,2.759315657919628,28.679338467365174,70.96917416836942
2025-06-17,4.708030502788312,31.449092615392182,60.468500147086516
2025-06-18,1.1180040901954653,41.07521070185577,88.83094713380892
2025-06-19,2.040855044459952,23.470726590518833,68.00318977083022
2025-06-20,4.640661931327868,24.16488395854617,49.08448065240238
2025-06-21,7.99894158667891,24.516069475944402,41.6139537727196
2025-06-22,3.6290253978143037,37.20034423544307,81.48100681844588
2025-06-23,0.7456794163467396,10.638648036325955,48.17027403814804
2025-06-24,1.812776490892824,27.14641464364898,53.99637147768531
2025-06-25,1.945173461392407,26.735720127380457,74.25213488983104
2025-06-26,0.6151380667946842,35.62806556888469,46.91859267792732
2025-06-27,3.4732317041401157,30.29901232448056,70.47497917848412
2025-06-28,0.6537621997373297,30.784191543798922,67.03446980981649
2025-06-29,0.9547278899041024,32.76013819808497,75.00942176791276
2025-06-30,6.291151337101205,18.390669809281043,86.87386698128873
2025-07-01,0.4624348553712242,26.20988662775368,80.77214558036184
2025-07-02,0.29799692084139484,22.215093048280966,81.12452362897972
2025-07-03,2.9580490587901567,14.5723041315159,68.70325780298057
2025-07-04,12.576899316051966,22.366595334005222,41.39161930238439
2025-07-05,4.058268681070299,25.85705091599741,74.617866254458
2025-07-06,1.0826813220543623,21.350312725730067,46.82455076562708
2025-07-07,4.506946910153708,25.980017543934178,40.3039238687081
2025-07-08,0.5922969893360696,16.619432082395846,62.797052878786886
2025-07-09,0.19276700808522956,26.945459049482054,64.51103412649866
2025-07-10,4.663881531993848,25.590241535859146,66.4483911968232
2025-07-11,8.120202279703344,20.163340842023885,72.7131383500663
2025-07-12,5.185688771010158,29.230190855448498,70.0156881690739
2025-07-13,1.1506158183789248,17.4658382797383,83.18481354872279
2025-07-14,1.4795267088195425,27.208477996373013,84.46655563120015
2025-07-15,3.739724575475454,25.41599746721166,74.90968364716582
2025-07-16,12.819430659731108,33.00831636687421,88.32434786448616
2025-07-17,4.410198491923827,29.059946692186852,46.129094425509
2025-07-18,3.168724385043461,31.537657212376377,57.957584169118725
2025-07-19,2.8144283826193233,20.573320445493888,54.150621011366056
2025-07-20,13.710106880951002,21.7781331398427,44.73254581659952
2025-07-21,20.37448854878235,21.809201486173947,63.912840686612654
2025-07-22,2.283899328146385,25.72389402063089,50.50620039507558
2025-07-23,5.409739459973863,21.031549861993973,42.77206432776202
2025-07-24,9.8527367826514,22.21469152173011,63.647193430963796
2025-07-25,1.5051114874423646,29.50984391226971,85.6126744001669
2025-07-26,3.4228499462421706,20.28725164211128,55.749758523072174
2025-07-27,4.080668133505979,23.69382151358464,63.59234319940839
2025-07-28,2.1417418996994737,29.156878412130858,88.03411800648102
2025-07-29,16.176754369337544,23.75871365240046,74.01621778259491
2025-07-30,6.628519391003659,22.467018709788764,62.186100453176316
2025-07-31,1.529763549347035,21.78869552437491,84.7952947627526
2025-08-01,0.7588616911730242,27.0552476898286,78.86605753525002
2025-08-02,0.010004628457200935,14.530557428099005,82.78325057269505
2025-08-03,7.514281014873683,26.32691524840227,47.23814680802098
2025-08-04,13.88835128221837,20.060888549063908,50.22688020625341
2025-08-05,0.17135684550944805,23.546550388505366,75.10999905225992
2025-08-06,3.8889396793593436,17.902210819945054,73.01630913374552
2025-08-07,1.6173564050703158,13.001129647171743,85.48743057326692
2025-08-08,14.286266563070626,20.134471383057438,68.78349166417279
2025-08-09,2.492126432150396,20.24453163248866,49.55137658493081
2025-08-10,9.553247054406288,25.17156760335619,55.32280721100096
2025-08-11,8.640543782814582,28.083879787943186,63.73958395644958
2025-08-12,1.544460569939843,33.120370732565405,79.67693557564756
2025-08-13,11.914150112306075,26.767091625778637,45.5078291949655
2025-08-14,11.470824487749102,23.275902136652878,57.804501191825196
2025-08-15,1.8738144431162658,13.854002494261284,67.52176886872843
2025-08-16,6.604649919327613,30.78702940073442,75.57455254270769
2025-08-17,2.644382798208688,27.535428574924442,67.14850695864408
2025-08-18,3.6128337902339513,20.628884000682007,41.85765716015749
2025-08-19,2.504939078595765,26.97086453151391,72.24201618100686
2025-08-20,0.041762938579355806,15.402789065756757,85.65455733370271
2025-08-21,6.802185630402388,17.570127821222716,89.25583669841541
2025-08-22,12.963334560331141,26.134167418918626,78.04875271343843
2025-08-23,0.6728732990781595,27.645223806572055,54.66064567346806
2025-08-24,13.728608598437745,29.100580174224223,88.26840239106909
2025-08-25,12.80432912865923,28.837370984782904,88.77206765344773
2025-08-26,1.7189149743963177,27.7386789006373,68.76525674641292
2025-08-27,0.9744147806703556,35.086035680043416,86.467163057821
2025-08-28,1.72517069766766,13.893039981165192,44.328535883392334
2025-08-29,0.6535597989073799,20.394136077007413,80.63183800543331
2025-08-30,11.47971022191847,20.2463853155572,70.20213578688697
2025-08-31,9.217911608062156,23.686859270473697,46.365966772377064
2025-09-01,0.427900359970328,26.442138260605155,69.34339157602305
2025-09-02,0.5234747814896803,25.045120165416016,72.07817810074187
2025-09-03,0.06484153191639598,18.881947979678436,81.48932070226405
2025-09-04,10.561008674013227,33.92627546035065,53.763515548591116
2025-09-05,1.4027506623913943,23.377947066310455,59.90957487907107
2025-09-06,3.4157569631319094,26.986448309155445,49.73696191377827
2025-09-07,5.567386772794679,21.607079110041152,60.402014560754
2025-09-08,8.195621360140137,30.6425924713127,41.53394848770005
2025-09-09,1.6591781496806317,22.01149018731233,73.33854324084929
2025-09-10,1.640662692437357,31.15052785922392,57.58609946589122
2025-09-11,2.413189994181449,17.88824171806679,51.73225050847901
2025-09-12,1.7324990070930433,24.230475717839663,85.85850585621425
2025-09-13,0.16529838219834986,23.658898184535026,88.80640407730756
2025-09-14,4.53536402399867,29.903452234983526,61.72210681616031
2025-09-15,12.101919056446079,29.062410917067123,71.50026418630681
2025-09-16,29.178442333451855,22.98279451708291,50.593214948390596
2025-09-17,2.9074792929053257,18.376153252925427,77.78196656607517
2025-09-18,10.547519360222761,17.574476555852442,44.51675157091208
2025-09-19,2.7134916768266053,28.567477764782783,51.00502716461923
2025-09-20,5.200745067217087,14.47594414808892,56.65999308736866
2025-09-21,3.0663252056133468,27.77179052541242,82.4356766499439
2025-09-22,2.374476215197924,32.16830480468926,58.705868215321004
2025-09-23,0.6499056709256735,24.310751925931946,87.50962708679646
2025-09-24,4.74752665817105,28.484612040200584,86.71762089076833
2025-09-25,0.3423519340726626,27.866199289611703,60.48043674884778
2025-09-26,2.996436275211086,23.970638857520154,62.8731644501655
2025-09-27,2.6451479507399887,23.44074660880359,43.763644850506275
2025-09-28,2.9687265085220855,18.126567817620185,67.99936037475047
2025-09-29,15.850859837063854,24.480681090164385,61.77970481146159
2025-09-30,12.390056805213007,15.697446885876527,57.05434696311811
2025-10-01,0.0407771154098238,22.543477611484086,44.60969134331689
2025-10-02,2.621766385631679,26.78275714259454,82.72828019343982
2025-10-03,3.9474594955796083,20.605793878581892,54.87431236361792
2025-10-04,10.89662344058566,20.62255226222265,58.847648487886104
2025-10-05,7.497848742332054,30.650457173648178,46.85777196004039
2025-10-06,4.432975115418591,26.16488808150219,77.8583387638508
2025-10-07,3.637986527490429,32.34436719104953,70.62958208805428
2025-10-08,4.215354972513302,17.105811668177466,83.15107711227728
2025-10-09,2.3096839107867795,18.426748582839092,66.66506261890571
2025-10-10,3.452536596060851,23.318926730308256,62.31645802997418
2025-10-11,2.354898771297527,22.26610355199309,83.97151022700172
2025-10-12,7.6223470236658954,36.54534373262805,70.52669421283116
2025-10-13,6.883025393038206,27.231721807640923,83.50710965551161
2025-10-14,3.953842157892677,30.157741926846278,74.90784659227175
2025-10-15,4.481436894163891,24.911943598894407,76.50888908871102
2025-10-16,2.1876964681686,13.332409081707592,69.32422212698114
2025-10-17,2.2675228101248353,28.58487763666495,49.48599456960712
2025-10-18,10.33633726941401,23.522236493354967,82.59880201026911
2025-10-19,3.186626369609849,13.969052726476637,62.92165472535167
2025-10-20,13.449571546549633,26.307163839829848,59.232342383746484
2025-10-21,5.098984599532509,23.020628048197757,79.97884698938019
2025-10-22,2.7663605678844543,23.927601997455195,55.416964300217934
2025-10-23,5.425082985588624,26.274900981909177,45.65839118442411
2025-10-24,10.1122654074865,24.98384746877864,57.21898665657942
2025-10-25,3.4124190062833675,14.056325251582853,86.4089008370294
2025-10-26,3.8316667673431954,19.083231800649028,74.31889385858912
2025-10-27,0.33289604923057686,25.111370317986008,80.66894969890228
2025-10-28,1.24808587270522,21.54359418359519,70.23534329794448
2025-10-29,0.25080008060018955,18.598786161160767,44.16038409860224
2025-10-30,7.491351657753283,25.557688582802662,62.869439035327126
2025-10-31,2.2186225972854254,19.49406163083289,75.41016004498556
2025-11-01,5.1868982048723655,14.616134241072494,75.77684857635423
2025-11-02,0.2369834562559756,22.870722997085267,71.54506627529653
2025-11-03,0.6721467214679832,23.139135745811505,73.77677063631944
2025-11-04,0.85901530753258,15.087979036779146,66.93963607204032
2025-11-05,0.26982363472429705,28.907662308327485,66.12210932308543
2025-11-06,2.953782651926375,18.44061913811474,69.98963678786969
2025-11-07,0.4477039659100349,25.170669039869846,70.18190957198206
2025-11-08,9.413198307835703,21.47816344948116,77.22186016400713
2025-11-09,10.634105479796679,28.734794953060252,88.65419693450278
2025-11-10,4.955846700566982,31.052523029780772,56.30495996360861
2025-11-11,7.029506928296845,28.29369229251077,86.17445086647321
2025-11-12,2.350638960457501,24.47590937895381,75.14840095101357
2025-11-13,16.408486430622098,26.26252731668431,61.6978938443731
2025-11-14,8.803344747074153,26.755557669395962,42.573230734159274
2025-11-15,3.0741321426347232,23.12557461056685,50.51520846959643
2025-11-16,1.611101264820371,27.530763603962612,62.26949046092139
2025-11-17,2.1120935394465845,26.714725357784236,41.75257323523567
2025-11-18,6.238266110199749,24.893238490671127,81.20817317419028
2025-11-19,2.230370811952712,17.718172826953403,49.53557064722746
2025-11-20,4.382510727697666,21.422424790336706,59.52640894303036
2025-11-21,2.021040665214475,17.224216358302566,52.3215027278845
2025-11-22,3.022258411189291,23.932808776443967,46.89664291763278
2025-11-23,6.157229312066893,20.94892426810336,83.89131253241673
2025-11-24,1.8247427069631175,25.340493647307447,67.02939526103204
2025-11-25,0.9884705362311325,19.92899890705405,67.43715775465276
2025-11-26,0.29015228105935337,23.317810680792153,80.48009145403041
2025-11-27,0.2341144901123511,22.639449975132727,57.55343899443031
2025-11-28,0.39352901317856065,21.533680854141817,70.07837868132202
2025-11-29,5.868116397146409,8.370634491758924,69.87629166709273
2025-11-30,9.483146598967814,20.761315491406563,71.85855240511995
2025-12-01,0.6675646408557079,30.983714863552706,81.86556587044399
2025-12-02,1.858445170814706,33.652836508763755,82.32555409284174
2025-12-03,10.758133231754815,21.93001951915429,72.69867194513247
2025-12-04,5.019862195202739,25.712974176934402,78.54313308353952
2025-12-05,2.455338080145127,25.668235019542866,66.90758681778829
2025-12-06,5.988618272374859,26.933690393236443,62.07475590019887
2025-12-07,4.000820490528191,29.418634232154332,71.6066385251335
2025-12-08,0.4261359049519491,16.891246358424013,65.06832892099295
2025-12-09,9.383423545075843,23.70827795479469,86.45817216583728
2025-12-10,11.2264090743693,15.669330317620316,85.38236833988049
2025-12-11,1.566322209539187,32.10191654852989,65.68586140453627
2025-12-12,0.6229454241366776,24.993586804764202,45.88107875019433
2025-12-13,0.5164392683437511,20.587702431328783,57.640249483556055
2025-12-14,0.7044630446356598,28.55656921946618,50.0357727083054
2025-12-15,1.939715960165099,27.56708888588219,52.21624372346241
2025-12-16,2.9803342437638127,29.073350468886755,43.58072486681477
2025-12-17,2.331671475282297,18.086308320857974,73.99243746347078
2025-12-18,0.0745303509965022,35.6345186912184,54.08103477904772
2025-12-19,4.78569327724557,24.55852396740827,81.33319307901189
2025-12-20,11.943405959239266,20.514878894779297,60.66872493213195
2025-12-21,12.11057260794852,22.620744786603883,55.84805276474605
2025-12-22,6.00632769423986,22.295119978065024,73.08029893999068
2025-12-23,10.169232827837284,26.212641016444508,83.68499392252056
2025-12-24,2.983572805271227,17.63813567044639,40.001401771524954
2025-12-25,0.41516260403110183,16.582124305110938,79.582139444167
2025-12-26,1.1022542706785587,22.21515977836146,65.95219939084463
2025-12-27,6.7241253264617304,22.39976511836696,59.051648918361394
2025-12-28,8.46907064011966,26.69225906485277,73.05615787839656
2025-12-29,10.087982833978726,25.09544994670578,75.50312624318042
2025-12-30,10.292166686567075,19.386413955165676,56.01970077331102
2025-12-31,2.121902327729007,25.103260345183422,46.5585947077169
2026-01-01,0.46188617253223885,31.76060602601097,65.10617414792092
2026-01-02,6.1053367193623025,23.351501823195687,81.36214098430446
2026-01-03,1.1169976551142287,9.82298957230273,72.62017986270887
2026-01-04,3.518646574705469,28.08785032722973,66.3911097155367
2026-01-05,7.01876550428425,35.08777550687661,49.30607202090916
2026-01-06,0.38258921898494647,26.129994168910596,74.29595009624217
2026-01-07,1.527497439001062,30.9152829357331,50.114558102876614
2026-01-08,1.2408750624474532,26.149641487119066,72.34949400359973
2026-01-09,0.8222267876454599,28.877447790343417,69.96874364023847
2026-01-10,2.4802952431882193,18.00158016229719,55.11575089225092
2026-01-11,9.75100569071509,30.526146778696983,50.205620742473116
2026-01-12,2.664938134833835,20.130148489197776,73.27943049103843
2026-01-13,0.1828269233460209,25.227481546734445,88.4451019802242
2026-01-14,1.2708163125350302,28.83338984984153,62.387970202584924
2026-01-15,1.187546133240095,25.742829626362347,41.68170624643202
2026-01-16,1.7176717813911422,21.124223583245403,77.56505622625421
2026-01-17,0.4105231266889119,35.972308611189874,70.34580139510521
2026-01-18,4.371941598339616,30.13152950921723,55.36825547609098
2026-01-19,5.249655688694191,21.24352542985423,63.01178898311557
2026-01-20,1.0541164636516878,27.465404157214962,87.44768263177588
2026-01-21,1.3380349286006261,32.315538980055486,45.274329568081896
2026-01-22,0.4053547551180091,24.97549014958804,66.85736890406669
2026-01-23,8.433504244083238,19.848915211443767,47.82552039630232
2026-01-24,0.277358326596972,33.135766028028705,57.454428893221184
2026-01-25,2.964337878686927,14.61974332005543,45.2508145950089
2026-01-26,5.060477974886882,21.984920958399357,52.61841594988684
2026-01-27,4.545554317545459,33.28543636363195,80.94216724021794
2026-01-28,0.6180174936036895,25.183540622536995,70.7470984298524
2026-01-29,1.981505647675637,22.401792990987,53.017216074768896
2026-01-30,3.031980448434268,22.268408575221983,84.00816876792055
2026-01-31,11.979567491998477,27.764775237456544,57.01466447527268
2026-02-01,6.909996561356845,24.890674240734672,87.31585641911883
2026-02-02,6.090215769214771,26.878436614492163,68.57434950711847
2026-02-03,0.9971387433794126,18.530301466479095,48.453265543719205
2026-02-04,0.23062889314972562,29.672812988415828,76.5374749949435
2026-02-05,6.238135557657836,25.983329433167246,43.11231704238742
2026-02-06,0.8087795132013815,28.514404601608703,79.04896013279341
2026-02-07,1.9438569979110198,20.271155200915253,59.122076124918095
2026-02-08,3.8469056197691915,33.43638537944343,53.03431703121152
2026-02-09,14.345941152218636,22.10816093342726,80.0851569272025
2026-02-10,1.7273902767522666,23.98710515161291,42.410357229888085
2026-02-11,10.777061079526408,23.033422381193542,79.52086643359135
2026-02-12,5.619765695170661,37.729325762096266,56.03786396713384
2026-02-13,9.8621332371231,27.74939012155112,72.77552337752445
2026-02-14,7.346685173874462,29.668262311520316,49.274053750431804
2026-02-15,8.329769076325784,27.462035095544323,67.98674357626304
2026-02-16,4.904032082870834,28.52492522270014,68.58383379752408
2026-02-17,0.19279208105972778,19.161266341586725,58.313143913806655
2026-02-18,1.573760216388909,21.405578513604134,49.73802595956779
2026-02-19,0.32270483793984517,23.188824654618692,52.137887683145415
2026-02-20,3.978333385492408,28.75955439622482,58.51166702617418
2026-02-21,11.759444944773021,22.001925253295642,82.20415896311641
2026-02-22,9.549746184310207,28.266711761841062,53.77282370698157
2026-02-23,5.998883035858236,31.40225257200846,75.28340378443474
2026-02-24,4.089295242985641,24.35451113085948,44.07769621200285
2026-02-25,1.1894348329367166,23.23243359742638,59.825459663100524
2026-02-26,1.897434199303466,23.441195559220333,59.29848552428288
2026-02-27,9.167428577076151,20.59275942569707,83.33253514460124
2026-02-28,9.745997231466337,33.44447074298723,83.4594060895627
2026-03-01,3.9035885375997865,25.659034028251444,53.36490899479285
2026-03-02,0.12134226311958213,21.581938270562578,59.711026858021114
2026-03-03,10.334680506155676,34.095312335648245,75.19177827684462
2026-03-04,1.9568040098135517,21.007040935352116,72.74662752816984
2026-03-05,1.125991253987176,31.3653471353908,55.79564370262751
2026-03-06,0.9806078226131881,30.602534401853692,77.83188653669683
2026-03-07,1.7017249990804186,23.824136850989085,76.17880665103385
2026-03-08,13.19315403944115,16.932433642107465,57.60115624904707
2026-03-09,1.4350259806176957,26.883777175337546,45.26078667670547
2026-03-10,13.334839696882057,24.569650030345386,85.74365340657552
2026-03-11,17.638534369352815,21.369794997912003,74.86842089096376
2026-03-12,4.915501306250038,22.02727963288988,78.73977725004772
2026-03-13,2.0001372189001594,25.844941641290756,57.87526865631871
2026-03-14,21.255944914135974,25.10080362660358,85.4295499115463
2026-03-15,6.421642427615934,28.36994600860013,83.18937253079966
2026-03-16,3.209980511223067,22.93653337864192,59.61568471764725
2026-03-17,6.92701170652877,16.731539161177267,76.2681723191682
2026-03-18,10.374418219092107,24.611022819840013,51.003644701917125
2026-03-19,3.393944739836916,17.06325930069821,51.91272158970385
2026-03-20,0.14074813915630752,26.843304514991086,77.2640621114425
2026-03-21,0.3785141033895239,19.066304589299385,80.24285442973215
2026-03-22,3.63091434937435,23.031287462792307,58.3995533606151
2026-03-23,2.1450912653868115,26.87658980922525,83.98730121867314
2026-03-24,1.9883371177346676,25.51829595021378,77.30359223721823
2026-03-25,14.772937193747088,26.74771268549643,65.69984880812457
2026-03-26,21.51310687626861,29.460493251670748,62.08421410853672
2026-03-27,0.6974832988537358,27.36250306039749,81.19878536364055
2026-03-28,8.060529998992319,26.443931215785902,53.50244334784552
2026-03-29,0.6205890831337311,21.832988626536395,40.636920546420846
2026-03-30,5.375170039469959,31.215777326497857,50.54030262141825
2026-03-31,0.895027990482449,23.01009132714295,69.11060783792311
2026-04-01,6.733626966170647,22.35872921902109,43.485085899682716
2026-04-02,0.6143870699032292,18.611554957947774,43.057417871173286
2026-04-03,11.714561181763866,21.526666939373975,59.75585665839427
2026-04-04,0.8788924085931207,18.25519561353318,51.62076979432461
2026-04-05,2.754154134167528,26.902108639392555,45.06565186147337
2026-04-06,3.295850617091996,25.820367941023296,81.84621692568982
2026-04-07,7.344308996683903,25.232690932946472,82.13375376309457
2026-04-08,10.49548579514985,22.616955197449943,84.20214968214752
2026-04-09,6.0873932713254595,20.580196743615108,89.24673491886375
2026-04-10,0.09093249364339724,26.543759851447863,87.8129431970839
2026-04-11,3.872288979633607,31.434783795446613,49.27472517483916
2026-04-12,16.9592747510861,33.240225568640646,84.91242094784909
2026-04-13,9.063440357260466,25.019940394092373,71.24302673128628
2026-04-14,2.70971557653543,22.820344735471334,80.36039761919194
2026-04-15,11.707233947703656,33.96760766677455,71.12544170340414
2026-04-16,2.1812426659422166,23.782009440897916,82.11834231723302
2026-04-17,6.333519811734147,14.89988702653677,67.01284753848381
2026-04-18,0.0545806486770738,25.354752567315277,46.62237560038764
2026-04-19,0.492612024116666,25.497802372127627,55.43449796473087
